mean,std,min,max,
Height,68.6,1.670662,65.8,71.5
Weight,131.9,14.231811,112,153
Age,32.5,12.860361,17,51
Grip strength,26,4.521553,19,31
Height_m,1.74244,0.042435,1.67132,1.8161
Weight_kg,59.828834,6.455441,50.802345,69.399633
BMI,19.682,1.780972,17.08,22.33
Frailty_binary,0.4,0.516398,0,1
AgeGroup_<30,0.5,0.527046,0,1
AgeGroup_30_45,0,0,0,0
AgeGroup_40_60,0,0,0,0
AgeGroup_>60,0,0,0,0
