Height,Weight,Age,Grip strength,Frailty,Height_m,Weight_kg,
0,65.8,112,30,30,N,1.67132,50.802345
1,71.5,136,19,31,N,1.8161,61.688562
2,69.4,153,45,29,N,1.76276,69.399633
3,68.2,142,22,28,Y,1.73228,64.410117
4,67.8,144,29,24,Y,1.72212,65.317301
5,68.7,123,50,26,N,1.74498,55.791862
6,69.8,141,51,22,Y,1.77292,63.956524
7,70.1,136,23,20,Y,1.78054,61.688562
8,67.9,112,17,19,N,1.72466,50.802345
9,66.8,120,39,31,N,1.69672,54.431084
